generation,best,mean
0,1.7693121227062336,1.9754351567439634
1,1.7505882398084287,2.0040943542444785
2,1.7505882398084287,2.0251053931131806
3,1.500670062679071,1.9781319119623884
4,1.500670062679071,1.9943347917838168
5,1.500670062679071,2.032476471914996
6,1.500670062679071,1.9931042927825149
7,1.500670062679071,1.9986133048980133
8,1.500670062679071,2.0205150939405963
9,1.500670062679071,1.9828397322566622
10,1.500670062679071,1.988980392158664
11,1.500670062679071,1.9958098452260504
12,1.500670062679071,2.0513483608175207
13,1.500670062679071,2.0162250386589426
14,1.500670062679071,1.9708179668303298
15,1.500670062679071,1.9903349424054255
16,1.500670062679071,1.998828178007073
17,1.500670062679071,1.993825185223919
18,1.500670062679071,2.036665482363522
19,1.500670062679071,1.970979691883894
20,1.500670062679071,2.0427274268309796
21,1.500670062679071,1.985147183635141
22,1.500670062679071,2.016442733558123
23,1.500670062679071,1.9935111633130957
24,1.500670062679071,2.0053444445245843
25,1.500670062679071,2.0316192992579527
26,1.500670062679071,2.020473529382753
27,1.500670062679071,1.9851575842030598
28,1.500670062679071,2.02579694556018
29,1.500670062679071,2.013590210318964
30,1.500670062679071,1.9863301491050454
31,1.500670062679071,2.0125352973084594
32,1.500670062679071,2.0187810798157786
33,1.500670062679071,1.976280237398651
34,1.500670062679071,2.009380995056781
35,1.500670062679071,1.9939989877738937
36,1.500670062679071,1.9852277144545354
37,1.500670062679071,1.997309463439334
38,1.500670062679071,2.007980738143879
39,1.500670062679071,2.0387756851104966
40,1.500670062679071,2.0165781855857303
41,1.500670062679071,1.9740437420838135
42,1.500670062679071,2.0014350694504115
43,1.500670062679071,2.015563232809677
44,1.500670062679071,1.9978206215912784
45,1.500670062679071,1.9903733276970659
46,1.500670062679071,2.029682560820943
47,1.500670062679071,1.967986369054077
48,1.500670062679071,2.007446410200818
49,1.500670062679071,2.0392015192473587
50,1.500670062679071,1.9651153536781911
51,1.500670062679071,1.9861343196275603
52,1.500670062679071,2.005200093311717
53,1.500670062679071,2.005220727706116
54,1.500670062679071,2.0107388401602533
55,1.500670062679071,1.9997999343668038
56,1.500670062679071,1.9610728878315118
57,1.500670062679071,1.9733788411856004
58,1.500670062679071,1.9619606731423644
59,1.500670062679071,2.011639667320238
60,1.500670062679071,2.0411578100960104
61,1.500670062679071,2.0119486039920784
62,1.500670062679071,2.013575921619905
63,1.500670062679071,2.0000681791770925
64,1.500670062679071,2.019096134746479
65,1.500670062679071,1.9993727866837705
66,1.500670062679071,2.014817806229712
67,1.500670062679071,1.9820336723298209
68,1.500670062679071,1.98760584220428
69,1.500670062679071,1.9699277452994686
70,1.500670062679071,2.020854277438351
71,1.500670062679071,2.0297831677991347
72,1.500670062679071,2.0112305088498705
73,1.500670062679071,2.008061781554572
74,1.500670062679071,1.9796983969355513
75,1.500670062679071,2.0284893750621853
76,1.500670062679071,2.0087669308094176
77,1.500670062679071,2.0219581196905354
78,1.500670062679071,2.0179053777350937
79,1.500670062679071,1.9827613428227508
80,1.500670062679071,2.000380701753147
81,1.500670062679071,2.0117686186782375
82,1.500670062679071,1.9979297546311823
83,1.500670062679071,1.9583462290695668
84,1.500670062679071,1.9653015267105096
85,1.500670062679071,1.989269085748726
86,1.500670062679071,1.963950416452187
87,1.500670062679071,2.0077982104327017
88,1.500670062679071,1.9799836649139853
89,1.500670062679071,2.003015831281552
90,1.500670062679071,1.963672026787877
91,1.500670062679071,2.0014413092078622
92,1.500670062679071,2.022160209922452
93,1.500670062679071,1.9983429459791633
94,1.500670062679071,1.986583285089552
95,1.500670062679071,2.017522719272466
96,1.500670062679071,2.020516030104078
97,1.500670062679071,2.01136943716745
98,1.500670062679071,1.9779133474800112
99,1.500670062679071,1.9593601274429133
100,1.500670062679071,2.003164593511793
101,1.500670062679071,2.0274759352814122
102,1.500670062679071,1.9787269838447366
103,1.500670062679071,1.966770185026089
104,1.500670062679071,2.015337306488906
105,1.500670062679071,2.0120584585530907
106,1.500670062679071,2.036769342416229
107,1.500670062679071,2.009502931174178
108,1.500670062679071,2.0244655430113636
109,1.500670062679071,1.976810870811876
110,1.500670062679071,2.032590474496536
111,1.500670062679071,2.001731068145503
112,1.500670062679071,1.9879722547190788
113,1.500670062679071,1.9882704709485288
114,1.500670062679071,1.9953766839466727
115,1.500670062679071,1.988967933730916
116,1.500670062679071,1.9969736233204993
117,1.500670062679071,2.011048432826927
118,1.500670062679071,2.0030313948961345
119,1.500670062679071,1.9880627445692944
120,1.500670062679071,1.9923641708745676
121,1.500670062679071,1.9818856037161452
122,1.500670062679071,2.0158996873118173
123,1.500670062679071,2.00670462577874
124,1.500670062679071,2.0404952013673734
125,1.500670062679071,1.9886505519883007
126,1.500670062679071,1.9923716932602828
127,1.500670062679071,2.0101139401791825
128,1.500670062679071,2.0228123063858616
129,1.500670062679071,2.015564359173079
130,1.500670062679071,1.985673218950011
131,1.500670062679071,2.010049862735082
132,1.500670062679071,2.0080764461713203
133,1.500670062679071,1.9740093565916284
134,1.500670062679071,1.9982480155832292
135,1.500670062679071,2.0030614320028546
136,1.500670062679071,2.0054753935457086
137,1.500670062679071,2.022965975025982
138,1.500670062679071,2.0097562399583397
139,1.500670062679071,1.978994212559734
140,1.500670062679071,1.9821187452372537
141,1.500670062679071,1.9863265567909312
142,1.500670062679071,2.0198006900566474
143,1.500670062679071,1.9737073880329188
144,1.500670062679071,2.0016213348544167
145,1.500670062679071,1.9701095994683109
146,1.500670062679071,2.0178767619510736
147,1.500670062679071,1.9848819166872995
148,1.500670062679071,2.022852953530896
149,1.500670062679071,1.970058806954328
150,1.500670062679071,2.0044554354380795
151,1.500670062679071,2.031860673598526
152,1.500670062679071,2.0506612857649964
153,1.500670062679071,2.0038133058457768
154,1.500670062679071,2.0368258324634994
155,1.500670062679071,2.014539835655212
156,1.500670062679071,1.9920688562246684
157,1.500670062679071,1.9749595107413136
158,1.500670062679071,1.992490406732987
159,1.500670062679071,1.9918143902081091
160,1.500670062679071,2.012254929591834
161,1.500670062679071,2.0009741007326967
162,1.500670062679071,2.0284965694012738
163,1.500670062679071,2.002934412662399
164,1.500670062679071,2.0042668403286954
165,1.500670062679071,2.015609814820077
166,1.500670062679071,2.018899557143466
167,1.500670062679071,2.002240817429973
168,1.500670062679071,2.027081882234732
169,1.500670062679071,2.0264910058416765
170,1.500670062679071,1.9770666406994646
171,1.500670062679071,1.9857092186173957
172,1.500670062679071,2.0176019789332145
173,1.500670062679071,2.025236056682877
174,1.500670062679071,2.023782989295851
175,1.500670062679071,2.002002934864548
176,1.500670062679071,2.0379932104907468
177,1.500670062679071,1.9892022300805448
178,1.500670062679071,2.010657372851736
179,1.500670062679071,2.071061316057943
180,1.500670062679071,2.0028039026154834
181,1.500670062679071,2.015518677276694
182,1.500670062679071,2.023394408587692
183,1.500670062679071,1.976632615190871
184,1.500670062679071,2.0317435602471825
185,1.500670062679071,1.9857280736736318
186,1.500670062679071,1.9476285792368906
187,1.500670062679071,1.9754003775331328
188,1.500670062679071,1.984359582122676
189,1.500670062679071,1.9825288415618094
190,1.500670062679071,2.004940648751426
191,1.500670062679071,1.9871701326287188
192,1.500670062679071,2.0081434156851037
193,1.500670062679071,2.008452196393976
194,1.500670062679071,1.9916655381813473
195,1.500670062679071,2.0091405567452933
196,1.500670062679071,2.0230825495726537
197,1.500670062679071,2.0001069761320864
198,1.500670062679071,1.984554807453899
199,1.500670062679071,1.9859344415709743
200,1.500670062679071,1.9980841187840117
201,1.500670062679071,2.005377607412316
202,1.500670062679071,1.9601077630742663
203,1.500670062679071,1.9717748797698822
204,1.500670062679071,1.9969772462042539
205,1.500670062679071,1.9844544668561326
206,1.500670062679071,1.9773428319871116
207,1.500670062679071,1.9904108785650938
208,1.500670062679071,2.029511171274358
209,1.500670062679071,2.022208209070098
210,1.500670062679071,1.998572586571297
211,1.500670062679071,2.007736317585057
212,1.500670062679071,2.0336327294682435
213,1.500670062679071,1.9914284820565313
214,1.500670062679071,2.022801817771683
215,1.500670062679071,2.006430792899401
216,1.500670062679071,1.9914527444395396
217,1.500670062679071,2.0349820438957686
218,1.500670062679071,1.9667737427427596
219,1.500670062679071,1.9914919964177646
220,1.500670062679071,2.0108815750330558
221,1.500670062679071,2.0178216267994316
222,1.500670062679071,2.031391784140078
223,1.500670062679071,1.9951193911607905
224,1.500670062679071,1.9863784916972578
225,1.500670062679071,2.005587021756013
226,1.500670062679071,2.0159695093587757
227,1.500670062679071,1.9659839212511216
228,1.500670062679071,1.9804971444429622
229,1.500670062679071,2.017548493695698
230,1.500670062679071,2.0223718931442134
231,1.500670062679071,2.0265320015378783
232,1.500670062679071,2.0019238594764484
233,1.500670062679071,1.9934396563873604
234,1.500670062679071,2.013106081525607
235,1.500670062679071,2.0296699566561425
236,1.500670062679071,1.9730407718645957
237,1.500670062679071,2.003943739139049
238,1.500670062679071,2.035768245258783
239,1.500670062679071,1.9685780105253698
240,1.500670062679071,2.008877625327571
241,1.500670062679071,2.010085846303099
242,1.500670062679071,2.0281738436482355
243,1.500670062679071,1.9756602723745977
244,1.500670062679071,1.9855052668614899
245,1.500670062679071,2.0455445257189036
246,1.500670062679071,2.0115605267222145
247,1.500670062679071,1.9686878535610102
248,1.500670062679071,2.0242223700171498
249,1.500670062679071,2.0050508318438243
250,1.500670062679071,1.9886830294962188
251,1.500670062679071,1.978224996258644
252,1.500670062679071,2.008174281071819
253,1.500670062679071,2.0126682286642033
254,1.500670062679071,1.9784658162334776
255,1.500670062679071,2.004350951062889
256,1.500670062679071,1.9706128350210048
257,1.500670062679071,2.0049961712915776
258,1.500670062679071,1.9634690559089871
259,1.500670062679071,1.9954251208348772
260,1.500670062679071,2.0260622760204603
261,1.500670062679071,1.9999392065427024
262,1.500670062679071,2.0015822382633153
263,1.500670062679071,2.008444391434325
264,1.500670062679071,2.0029311192675903
265,1.500670062679071,2.0147379909328995
266,1.500670062679071,2.014144218262956
267,1.500670062679071,2.0074706342350206
268,1.500670062679071,1.9922432470026188
269,1.500670062679071,2.008584600979538
270,1.500670062679071,1.993224017769283
271,1.500670062679071,2.0051515582376416
272,1.500670062679071,2.01186576625822
273,1.500670062679071,1.9905391494468188
274,1.500670062679071,1.9943865660174946
275,1.500670062679071,1.9940826827571274
276,1.500670062679071,2.0124857468221937
277,1.500670062679071,2.0229797521793573
278,1.500670062679071,2.0072399051459806
279,1.500670062679071,1.984105316488375
280,1.500670062679071,2.011869104950886
281,1.500670062679071,2.014064811602483
282,1.500670062679071,2.000254724072454
283,1.500670062679071,2.004021581366641
284,1.500670062679071,1.9732833016818916
285,1.500670062679071,1.9829089111488123
286,1.500670062679071,2.011337760030138
287,1.500670062679071,1.9913011149175865
288,1.500670062679071,1.9965230124486038
289,1.500670062679071,2.0303176892594683
290,1.500670062679071,2.0324530239084413
291,1.500670062679071,2.0239774082868993
292,1.500670062679071,2.0141585053958684
293,1.500670062679071,1.9951451331334369
294,1.500670062679071,2.015960020936384
295,1.500670062679071,2.0376838994207844
296,1.500670062679071,1.9990797949216532
297,1.500670062679071,2.015743929402454
298,1.500670062679071,1.9788330292343157
299,1.500670062679071,1.9652821179894921
300,1.500670062679071,1.990135535202132
301,1.500670062679071,1.981707551282185
302,1.500670062679071,1.9988220588307377
303,1.500670062679071,1.9944052848303877
304,1.500670062679071,2.0021632419605346
305,1.500670062679071,2.0047866752182406
306,1.500670062679071,2.002501068151917
307,1.500670062679071,2.0285195917288794
308,1.500670062679071,1.9947450083597373
309,1.500670062679071,1.9980622558813679
310,1.500670062679071,1.9977738018107485
311,1.500670062679071,1.9960870270308884
312,1.500670062679071,2.031231060415963
313,1.500670062679071,2.003903229785499
314,1.500670062679071,2.0477225348965344
315,1.500670062679071,2.037249765441176
316,1.500670062679071,2.0222583688680116
317,1.500670062679071,1.9767063615192473
318,1.500670062679071,2.0640964564442816
319,1.500670062679071,2.006862457552857
320,1.500670062679071,1.9934942169474006
321,1.500670062679071,2.0166026148127143
322,1.500670062679071,2.00448628956802
323,1.500670062679071,1.9896624672363157
324,1.500670062679071,1.9792416061348022
325,1.500670062679071,2.0133458168494225
326,1.500670062679071,2.0087665433774755
327,1.500670062679071,1.9690015838807047
328,1.500670062679071,2.044164418127903
329,1.500670062679071,2.005067042996144
330,1.500670062679071,1.9874047651939832
331,1.500670062679071,2.0128831560895684
332,1.500670062679071,2.005621273648905
333,1.500670062679071,2.013187128797462
334,1.500670062679071,2.058836636192162
335,1.500670062679071,1.9858726963101259
336,1.500670062679071,2.008387085310397
337,1.500670062679071,2.0000258806869744
338,1.500670062679071,2.001183726733746
339,1.500670062679071,1.963015744529055
340,1.500670062679071,2.0028200534663916
341,1.500670062679071,2.006607798897976
342,1.500670062679071,1.9758379880954458
343,1.500670062679071,1.9949398715979345
344,1.500670062679071,1.9980254409079574
345,1.500670062679071,2.0063831951088744
346,1.500670062679071,2.0162708746181526
347,1.500670062679071,1.9780259170961934
348,1.500670062679071,2.0073243599065056
349,1.500670062679071,1.9921589364620274
350,1.500670062679071,1.9730738305028077
351,1.500670062679071,1.9918939109455085
352,1.500670062679071,2.020615007050391
353,1.500670062679071,1.982354991244566
354,1.500670062679071,2.0023546055675396
355,1.500670062679071,2.022235088805883
356,1.500670062679071,2.0072188858687285
357,1.500670062679071,1.9898910136283425
358,1.500670062679071,2.0069202024087653
359,1.500670062679071,2.003640486305607
360,1.500670062679071,2.0048867995798747
361,1.500670062679071,1.9938849345813474
362,1.500670062679071,1.99570710916204
363,1.500670062679071,2.0247304364930976
364,1.500670062679071,2.000240551004494
365,1.500670062679071,2.000180331214742
366,1.500670062679071,2.035935643177986
367,1.500670062679071,1.9861665033961438
368,1.500670062679071,1.9772963527145957
369,1.500670062679071,2.028818847448228
370,1.500670062679071,1.9721233399047862
371,1.500670062679071,1.9908152235726866
372,1.500670062679071,1.9821097936282268
373,1.500670062679071,2.0066931690727268
374,1.500670062679071,2.008632811501373
375,1.500670062679071,1.9998293348423424
376,1.500670062679071,1.9712575706295017
377,1.500670062679071,2.0175333237427484
378,1.500670062679071,1.961869657259318
379,1.500670062679071,2.0012735062053983
380,1.500670062679071,1.986917807302511
381,1.500670062679071,2.0000926066808042
382,1.500670062679071,2.009877091002028
383,1.500670062679071,2.013410729094804
384,1.500670062679071,2.0377099729167516
385,1.500670062679071,2.0176522324976323
386,1.500670062679071,2.0010284853265676
387,1.500670062679071,1.9975875757056152
388,1.500670062679071,1.9765016705251088
389,1.500670062679071,1.974426431287109
390,1.500670062679071,1.9849143313733748
391,1.500670062679071,1.9811084808611767
392,1.500670062679071,1.9979722949856717
393,1.500670062679071,2.014929676891624
394,1.500670062679071,1.9694867612173763
395,1.500670062679071,2.009495757734676
396,1.500670062679071,2.006285283784647
397,1.500670062679071,2.0456116793056767
398,1.500670062679071,2.015780152572914
399,1.500670062679071,2.0134069523787517
400,1.500670062679071,2.0157323423016664
401,1.500670062679071,2.020659974921368
402,1.1560168012177179,1.9459571485496514
403,1.1560168012177179,2.0130181072068933
404,1.1560168012177179,1.9805155325900974
405,1.1560168012177179,2.0089785011794388
406,1.1560168012177179,2.0008302993949956
407,1.1560168012177179,2.0381008899708246
408,1.1560168012177179,1.993199868887031
409,1.1560168012177179,2.0156723946171793
410,1.1560168012177179,1.986555093411281
411,1.1560168012177179,1.974517634851567
412,1.1560168012177179,2.0218202669970258
413,1.1560168012177179,2.033907456503571
414,1.1560168012177179,1.9978295787903424
415,1.1560168012177179,2.011624612010487
416,1.1560168012177179,1.9649686216518958
417,1.1560168012177179,2.029927144266445
418,1.1560168012177179,1.998002467052632
419,1.1560168012177179,2.034682503446927
420,1.1560168012177179,1.986812217095812
421,1.1560168012177179,2.010554186446481
422,1.1560168012177179,2.0203137393803883
423,1.1560168012177179,2.0173036743159924
424,1.1560168012177179,1.9745475469332896
425,1.1560168012177179,2.0017267733260447
426,1.1560168012177179,2.0099734487401997
427,1.1560168012177179,1.99044059889427
428,1.1560168012177179,2.022094368275919
429,1.1560168012177179,1.998829859870335
430,1.1560168012177179,1.9988404886833375
431,1.1560168012177179,1.9944288747955448
432,1.1560168012177179,1.9909868879269372
433,1.1560168012177179,2.0172825031747172
434,1.1560168012177179,2.0109817448084795
435,1.1560168012177179,2.0330785863843377
436,1.1560168012177179,1.9990161967546864
437,1.1560168012177179,1.9786793869191026
438,1.1560168012177179,2.0011548953405676
439,1.1560168012177179,2.0092240588620918
440,1.1560168012177179,2.014837765219169
441,1.1560168012177179,1.9889338752216592
442,1.1560168012177179,2.015199742023852
443,1.1560168012177179,2.035135088397941
444,1.1560168012177179,2.0128999992993792
445,1.1560168012177179,2.0293990491268046
446,1.1560168012177179,1.9987381722557054
447,1.1560168012177179,2.01572527262626
448,1.1560168012177179,2.0078901983161055
449,1.1560168012177179,1.9859964287023235
450,1.1560168012177179,1.997817019875932
451,1.1560168012177179,2.014612694151218
452,1.1560168012177179,2.061070306206697
453,1.1560168012177179,1.9709336982912546
454,1.1560168012177179,2.005935805249075
455,1.1560168012177179,1.9776901575008174
456,1.1560168012177179,2.0400834018802803
457,1.1560168012177179,2.0351349228957663
458,1.1560168012177179,1.9901563169049303
459,1.1560168012177179,2.01463443628416
460,1.1560168012177179,1.9789060079007128
461,1.1560168012177179,1.9644860539014695
462,1.1560168012177179,1.992668771023478
463,1.1560168012177179,2.009068006628193
464,1.1560168012177179,1.9969324783113565
465,1.1560168012177179,2.019489451657397
466,1.1560168012177179,2.020983539611167
467,1.1560168012177179,2.0047781697453653
468,1.1560168012177179,1.9787074943662355
469,1.1560168012177179,2.0305536845237175
470,1.1560168012177179,2.0439421950318573
471,1.1560168012177179,2.0577905414334436
472,1.1560168012177179,2.0135373829284404
473,1.1560168012177179,1.9510178928953708
474,1.1560168012177179,2.003561144128421
475,1.1560168012177179,2.000950507079988
476,1.1560168012177179,1.9908863188550654
477,1.1560168012177179,1.991749640681191
478,1.1560168012177179,2.0036767197098504
479,1.1560168012177179,2.015817311407411
480,1.1560168012177179,1.9916420763536116
481,1.1560168012177179,2.010292376506093
482,1.1560168012177179,1.995456455832107
483,1.1560168012177179,1.96800166839463
484,1.1560168012177179,1.9935335696430552
485,1.1560168012177179,1.9641919369808196
486,1.1560168012177179,1.9995449051844685
487,1.1560168012177179,2.0491194311081964
488,1.1560168012177179,1.986657178607043
489,1.1560168012177179,1.9994794524471657
490,1.1560168012177179,2.004214371401999
491,1.1560168012177179,1.9850271596405116
492,1.1560168012177179,1.9470134856570194
493,1.1560168012177179,2.019355177373108
494,1.1560168012177179,2.0540373878564937
495,1.1560168012177179,1.9995863505860636
496,1.1560168012177179,2.0152927244853087
497,1.1560168012177179,2.0137478541793863
498,1.1560168012177179,2.019151370326096
499,1.1560168012177179,1.9912988032802204
500,1.1560168012177179,2.0149203066095933
